firm,leverage,challenge_pass_rate,challenge_avg_pass_days,challenge_avg_fail_days,challenge_e_first_pass_days,challenge_e_cost,annual_net_ev,annual_net_med,annual_net_p10,annual_net_p90,annual_profit_prob,avg_account_purchases,avg_challenge_retries,avg_funded_episodes_per_year,avg_busts_per_year,avg_payouts_per_year,avg_gross_payout_per_year,avg_fee_refund_per_year,avg_challenge_days_per_year,avg_funded_days_per_year,funded_avg_life_days,funded_bust_rate,funded_survive_to_year_end_rate,funded_got_payout_rate,funded_avg_payout_per_episode,funded_avg_payout_count_per_episode
FTMO 2-Step,1.0,0.982,219.2032586558045,87.0,220.7979633401222,488.79837067209775,2930.835913927367,1653.4692861453689,-480.0,8632.010118864011,0.6216666666666667,1.0001666666666666,0.0,0.986,0.00016666666666666666,2.629,3120.595913927367,290.32,224.226,54.15266666666667,54.92156862745098,0.00016903313049357674,0.9998309668695065,0.61342123056119,3164.904578019642,2.6663286004056794
FTMO 2-Step,1.5,0.9933,151.96949562065842,131.69230769230768,152.8577856252275,483.23769254001814,9038.464819176937,8323.678719841859,-480.0,18878.172130066352,0.8663333333333333,1.0056666666666667,0.0023333333333333335,1.0018333333333334,0.0033333333333333335,5.3105,9109.664819176936,411.52,151.3515,107.878,107.68058559307936,0.0033272334054233904,0.9966727665945766,0.855764431874896,9092.99432957272,5.300781899850275
FTMO 2-Step,2.0,0.9179,111.29382285652032,102.93580246913581,120.50074014894437,522.9327813487307,14879.427780910988,14208.846182986028,787.548378911846,28569.41596886656,0.914,1.1018333333333334,0.07233333333333333,1.0236666666666667,0.03,6.628333333333333,14969.667780910988,438.64,123.45683333333334,133.84183333333334,130.7474763920547,0.029306414848583522,0.9706935851514165,0.8927059589710192,14623.576471095075,6.475089547378704
FTMO 2-Step,2.5,0.8228,82.13782207097715,59.29249011857708,94.90718187774898,583.373845405931,19954.73692728701,18823.258923086272,3297.3731353844205,37727.433296111056,0.9465,1.5875,0.25766666666666665,1.3055,0.33116666666666666,7.059833333333334,20212.17692728701,504.56,124.066,138.502,106.0911528150134,0.2536703689518703,0.7463296310481298,0.805183199285076,15482.32625606052,5.407762032426912
FTMO 2-Step,3.0,0.8336,68.84668905950096,52.51682692307692,79.32989443378119,575.8157389635317,26474.371699156036,25276.391979966407,6061.397189357759,48071.71985400066,0.9691666666666666,1.6743333333333332,0.25166666666666665,1.399,0.42383333333333334,7.793833333333334,26737.651699156035,540.4,110.54866666666666,150.77333333333334,107.77221825113176,0.30295449130331187,0.6970455086966881,0.8047414820109602,19111.97405229166,5.57100309745056
FTMO 2-Step,4.0,0.79,50.05746835443038,42.01190476190476,61.22518987341771,607.5949367088607,37815.31280309724,36212.37617352497,11344.308266752707,66656.16296573573,0.9823333333333333,2.1406666666666667,0.4145,1.6848333333333334,0.7288333333333333,8.202333333333334,38209.31280309724,633.52,104.15316666666666,156.21816666666666,92.72024928281729,0.43258482540310617,0.5674151745968938,0.7833613611633198,22678.393196021705,4.868335146898803
FundedNext Stellar,1.0,0.9887,193.78881359360776,87.0,194.78314959037118,555.6473146556084,3936.9620243756835,3192.817375392659,-549.99,10000.485727011117,0.7131666666666666,1.0001666666666666,0.00016666666666666666,0.99,0.0,3.2841666666666667,4109.466387709016,377.5681349999999,196.31533333333334,73.043,73.78080808080809,0.0,1.0,0.6934343434343434,4150.976149201027,3.3173400673400675
FundedNext Stellar,1.5,0.9952,134.5375803858521,131.69230769230768,135.17275228790504,552.3774115755627,10201.11546232909,9690.006005868752,-549.99,20251.647910179017,0.89,1.0073333333333334,0.0028333333333333335,1.0028333333333332,0.004666666666666667,5.712166666666667,10271.239185662422,483.7437033333332,135.88616666666667,121.928,121.58351337876017,0.00465348180156224,0.9953465181984378,0.8771813195944823,10242.219563565652,5.69602792089081
FundedNext Stellar,2.0,0.9404,99.5500850701829,95.30560271646858,105.59029553583744,581.3611229264143,16469.09814753203,16140.135735225273,2646.3493905724617,29917.316762432834,0.9416666666666667,1.0956666666666666,0.06133333333333333,1.0311666666666666,0.034666666666666665,7.020833333333333,16554.979064198695,513.3514599999999,108.642,147.28016666666667,142.82867302408275,0.03361887829319541,0.9663811217068046,0.9090027476967836,16054.610374202714,6.808631000484888
FundedNext Stellar,2.5,0.8393,72.80436077683784,55.24766645924082,83.38258072203026,644.7652805909686,21521.002680896585,20703.197435152033,4514.50485647558,39505.46807555108,0.9546666666666667,1.5876666666666666,0.23483333333333334,1.3331666666666666,0.3541666666666667,7.234,21806.933230896582,574.3544066666666,112.262,148.539,111.41817727215901,0.2656582072759095,0.7343417927240905,0.7945993249156145,16357.244578744781,5.4261782722840355
FundedNext Stellar,3.0,0.847,61.06717827626918,49.481045751633985,70.00531286894923,639.4037780401417,27768.64753863898,26540.53905774992,7958.566570875357,49147.563394310164,0.974,1.6821666666666666,0.2265,1.4343333333333332,0.4588333333333333,7.7645,28062.149626972307,619.2152566666666,100.23783333333333,158.86333333333334,110.75761096909133,0.31989309783871717,0.6801069021612829,0.7954915175458982,19564.594208904702,5.413316290959796
FundedNext Stellar,4.0,0.8087,44.85062445900829,39.8337689492943,54.273401755904544,667.0811178434525,39395.06100132754,37966.71308236679,12789.92128166475,67737.92512186713,0.9866666666666667,2.126333333333333,0.3655,1.7233333333333334,0.7643333333333333,8.1245,39835.56618466088,708.8543866666665,94.3165,164.53933333333333,95.47736943907157,0.4435203094777563,0.5564796905222438,0.7609284332688588,23115.41558104113,4.714410058027079
The5ers High Stakes,1.0,0.982,219.20030549898166,87.0,220.79501018329938,554.989816700611,2943.1389171620785,1714.8982599134906,-545.0,8738.780174414587,0.6198333333333333,1.0001666666666666,0.00016666666666666666,0.9856666666666667,0.0,2.532,3159.958083828745,328.27166666666665,223.806,54.62166666666667,55.415962123774094,0.0,1.0,0.6110923233006426,3205.9094526500635,2.5688197497463645
The5ers High Stakes,1.5,0.9933,151.94120608074095,131.69230769230768,152.82949608531004,548.676130071479,8936.764036700648,8283.421945906972,-545.0,18965.90145689133,0.8593333333333333,1.0051666666666668,0.0021666666666666666,1.0015,0.003,5.127,9020.96653670065,463.61333333333334,151.80183333333332,107.683,107.5217174238642,0.0029955067398901645,0.9970044932601099,0.8493925777999667,9007.455353670144,5.1193210184722915
The5ers High Stakes,2.0,0.918,111.15588235294118,102.89369592088998,120.34682251145205,593.6819172113289,14952.801086348409,14171.82775980829,545.7703291862574,28946.47398662721,0.9081666666666667,1.1155,0.08333333333333333,1.026,0.0325,6.490166666666667,15064.980253015076,495.7683333333333,124.32666666666667,133.538,130.15399610136453,0.03167641325536062,0.9683235867446394,0.8866146848602989,14683.216620872394,6.325698505523067
The5ers High Stakes,2.5,0.8233,81.93611077371554,59.233295583238956,94.64900197930078,661.9701202477833,19873.80773049734,18847.40624349447,3023.015453521152,37659.28292080116,0.9421666666666667,1.5883333333333334,0.25833333333333336,1.3075,0.33266666666666667,6.928,20166.745230497345,572.7041666666667,124.01216666666667,138.272,105.7529636711281,0.2544295729764181,0.7455704270235819,0.8036966220522626,15423.896925810588,5.298661567877629
The5ers High Stakes,3.0,0.8343,68.56418554476807,52.457453228726614,78.98274002157497,653.2422390027567,25962.27877507159,24758.765291270443,5425.641120810627,47590.5443752787,0.9616666666666667,1.6896666666666667,0.264,1.4,0.42866666666666664,7.5441666666666665,26271.202941738255,611.9441666666667,112.8585,148.5455,106.10392857142857,0.3061904761904762,0.6938095238095239,0.8020238095238095,18765.14495838447,5.388690476190476
The5ers High Stakes,4.0,0.7926,49.56384052485491,41.95998071359691,60.54352763058289,687.6103961645218,37676.50709094771,36023.24873764232,11057.827892350757,65691.95414516868,0.9805,2.1293333333333333,0.4018333333333333,1.6851666666666667,0.731,8.174833333333334,38115.59542428104,721.3983333333333,102.83783333333334,156.982,93.1551775294234,0.4337849866482049,0.5662150133517951,0.7854811591336168,22618.294189069944,4.851053308278113
Blueberry Prime,1.0,0.9863,206.4196491939572,87.0,207.62810503903478,460.4172158572443,3132.3684855714223,2053.253001344408,-455.0,8850.382055878074,0.6481666666666667,1.0001666666666666,0.00016666666666666666,0.9871666666666666,0.0,3.1016666666666666,3587.433485571422,0.0,210.49516666666668,63.63166666666667,64.45888907648151,0.0,1.0,0.6670606111767685,3634.0707265623046,3.1419888569981427
Blueberry Prime,1.5,0.9943,143.1279291964196,131.69230769230768,143.88287856164754,457.2357437393141,9231.27812204176,8479.95600413169,-455.0,19197.145663860403,0.8761666666666666,1.0061666666666667,0.0016666666666666668,1.0021666666666667,0.0045,5.652333333333333,9688.97562204176,0.0,144.02266666666668,114.32283333333334,114.07566938300349,0.004490271079328123,0.9955097289206719,0.8797605188757691,9668.028227548737,5.640113088308665
Blueberry Prime,2.0,0.8074,96.05647758236314,65.76779220779221,111.74495513899032,548.0319544216002,14052.32047965602,13231.475180009864,219.48722849575336,28005.884035807303,0.9041666666666667,1.5426666666666666,0.27,1.2431666666666668,0.2748333333333333,6.433666666666666,14736.683812989355,0.0,138.74433333333334,126.346,101.63239040085803,0.22107521115431022,0.7789247888456898,0.7899182196004826,11854.149735612837,5.175224560933101
Blueberry Prime,2.5,0.8325,77.27267267267267,57.00179211469534,88.74150171677053,533.4684684684685,20224.569060471757,18961.639253282385,3544.9313319077833,38457.43436930009,0.954,1.5935,0.24733333333333332,1.3225,0.3481666666666667,7.378,20933.53489380509,0.0,117.52216666666666,144.5495,109.30018903591683,0.2632640201638311,0.7367359798361689,0.8081915563957152,15828.759844087022,5.57882797731569
Blueberry Prime,3.0,0.8336,64.45693378119002,51.21935096153846,74.68114203454894,532.8502879078694,26674.360848773493,25733.506157984768,6288.85418023688,47864.241963797416,0.9708333333333333,1.6851666666666667,0.24816666666666667,1.4136666666666666,0.439,7.9615,27424.980848773495,0.0,106.64266666666667,154.101,109.00801697712804,0.3105399669889177,0.6894600330110823,0.8121905211035133,19399.892135421003,5.631808535722707
Blueberry Prime,4.0,0.7077,43.52296170693797,32.59322613752993,56.984880599123926,616.0809665112336,34328.65245212418,32143.88589213462,8549.951424069299,62825.95440593617,0.977,2.8998333333333335,0.772,2.0505,1.1333333333333333,7.543166666666667,35597.896618790845,0.0,117.10516666666666,144.33966666666666,70.39242461188329,0.552710720962367,0.44728927903763305,0.7342924489961798,17360.593327866787,3.6786962529464358
GOAT 2-Step Standard,1.0,0.982,219.20030549898166,87.0,220.79501018329938,405.29531568228106,2895.486533501291,1377.386926935101,-398.0,8729.108675193933,0.606,1.0001666666666666,0.00016666666666666666,0.9856666666666667,0.0,2.571,3157.2378668346246,136.315,223.806,54.62166666666667,55.415962123774094,0.0,1.0,0.6124450456543794,3203.1496788988416,2.6083868785931688
GOAT 2-Step Standard,1.5,0.9933,151.94120608074095,131.69230769230768,152.82949608531004,400.68458673109836,8468.400075729907,7908.898226926733,-398.0,18015.55812086682,0.8521666666666666,1.0051666666666668,0.0021666666666666666,1.0015,0.003,5.166,8607.899075729907,260.55733333333336,151.80183333333332,107.683,107.5217174238642,0.0029955067398901645,0.9970044932601099,0.8498918289232817,8595.006565881085,5.158262606090863
GOAT 2-Step Standard,2.0,0.918,111.15588235294118,102.89369592088998,120.34682251145205,433.5511982570806,13144.992751269221,12694.89588493376,111.83831979153784,25475.811158197885,0.9021666666666667,1.1146666666666667,0.08533333333333333,1.0241666666666667,0.0295,6.4816666666666665,13286.216417935888,302.41366666666664,123.70383333333334,133.74383333333333,130.58795768917818,0.028803905614320585,0.9711960943856794,0.8878763222131815,12972.709277073282,6.328722538649308
GOAT 2-Step Standard,2.5,0.8233,81.93611077371554,59.233295583238956,94.64900197930078,483.42038139195915,15912.984847636677,14908.65235281245,2194.4186923203433,30512.37964269564,0.94,1.5858333333333334,0.25183333333333335,1.3105,0.3365,6.818333333333333,16232.976847636679,311.16966666666667,123.639,138.77366666666666,105.89367925728094,0.25677222434185426,0.7432277756581458,0.8010937301284498,12386.857571641876,5.202848785450846
GOAT 2-Step Standard,3.0,0.8343,68.56418554476807,52.457453228726614,78.98274002157497,477.0466259139398,18699.031944162685,17807.039704127186,3510.900174065274,34958.299655547504,0.9581666666666667,1.6888333333333334,0.25616666666666665,1.4065,0.43483333333333335,7.254333333333333,19050.53227749602,320.6553333333333,113.34716666666667,148.36683333333335,105.4865505391634,0.30915985306315913,0.6908401469368408,0.7934589406327764,13544.63723959902,5.1577201090176565
GOAT 2-Step Standard,4.0,0.7926,49.56384052485491,41.95998071359691,60.54352763058289,502.14483976785266,21415.131622479912,20218.36959761863,5358.101137701568,39034.05222453881,0.976,2.149,0.404,1.6996666666666667,0.7488333333333334,7.5525,21935.582955813243,334.85066666666665,102.98983333333334,157.13316666666665,92.44940184349872,0.4405765836438517,0.5594234163561482,0.7734849970582467,12905.81464354574,4.443518336928809
TTP CFD 2-Phase,1.0,0.9816,219.11033007334964,240.0,223.60910757946212,579.6658516707416,2415.860042392249,825.4886215115694,-569.0,7837.9850523800615,0.5605,1.0025,0.0011666666666666668,0.987,0.0013333333333333333,3.0018333333333334,2725.7753757255823,260.50716666666665,223.989,54.994,55.71833839918946,0.0013508949679162446,0.9986491050320837,0.610435663627153,2761.6771790532753,3.041371158392435
TTP CFD 2-Phase,1.5,0.9797,149.68725119934675,156.4120879120879,152.92820800716075,580.7900377666632,7603.421460911247,6717.374199384527,-569.0,16827.761118709706,0.8305,1.1126666666666667,0.016833333333333332,1.0918333333333334,0.09716666666666667,5.827166666666667,7807.692460911247,428.83633333333336,166.95716666666667,102.06566666666667,93.48099526789802,0.08899404671042589,0.9110059532895741,0.7814074187147001,7150.992942370246,5.337047778965044
TTP CFD 2-Phase,2.0,0.8806,105.63218260277084,102.02265100671141,119.46536966863654,646.150352032705,12000.167643090703,10920.00524252986,71.05786531421748,24483.713986694347,0.9011666666666667,1.513,0.13866666666666666,1.3376666666666666,0.37766666666666665,6.834333333333333,12371.914309757369,489.1503333333333,159.77166666666668,116.87916666666666,87.37540493396462,0.2823324196361824,0.7176675803638176,0.727510590580613,9248.876882450064,5.109145277846998
TTP CFD 2-Phase,2.5,0.7929,78.25778786732249,59.99323998068566,93.92760751671081,717.6188674486064,15413.022700153937,13437.933981490096,983.2191744619207,32277.612786107795,0.9213333333333333,2.1268333333333334,0.37716666666666665,1.6748333333333334,0.7555,6.912333333333334,16092.313866820603,530.877,157.0115,117.00483333333334,69.86058314260126,0.4510896606627525,0.5489103393372474,0.7070355259229774,9608.307612789693,4.127176833515772
TTP CFD 2-Phase,3.0,0.7814,63.203736882518555,52.263037511436416,77.82454568722805,728.1801894036346,19652.97811941425,16898.494365391656,2746.4473818627944,40763.2014554065,0.951,2.4245,0.455,1.897,0.9755,7.214,20449.672952747584,582.8456666666667,147.85083333333333,122.17216666666667,64.40282902829028,0.5142329994728518,0.48576700052714816,0.7235986645580742,10780.006828016649,3.80284659989457
TTP CFD 2-Phase,4.0,0.7107,43.25805543830027,39.37849982716903,59.287603770930076,800.6191079217673,26652.526006804335,22848.305761734082,4264.096224464732,54197.721689873004,0.964,3.2716666666666665,0.824,2.3455,1.4551666666666667,7.302333333333333,27882.040173471003,632.0641666666667,138.7875,125.31333333333333,53.42712996518156,0.6204078732324309,0.37959212676756915,0.7369430824984012,11887.461169674272,3.1133375968165993
E8 Pro,1.0,0.9904,131.80745153473345,157.47222222222223,133.33383817986,370.25525040387726,4289.40195477256,5096.901394155756,-366.0,8803.570472013565,0.8426666666666667,1.4493333333333334,0.005333333333333333,1.4393333333333334,0.4488333333333333,3.0725,4820.247288105893,0.0,191.23766666666666,101.37433333333334,70.43144974525244,0.3118341824918944,0.6881658175081056,0.3641732283464567,3348.944387289875,2.134668828161186
E8 Pro,1.5,0.8233,87.3059638042026,63.41845979614949,100.91709200289034,460.2199684197741,6720.1891804862535,7136.492535960213,-732.0,13612.015755305632,0.8341666666666666,2.2226666666666666,0.32716666666666666,1.8288333333333333,0.9011666666666667,4.531166666666667,7557.56834715292,0.0,184.24683333333334,98.445,53.829399434976764,0.49275494395334,0.5072450560466599,0.4203043834867402,4132.453302006517,2.4776269023967923
E8 Pro,2.0,0.7827,72.18960010221029,63.57807461999079,89.840699648555,487.8790085601125,9318.72774581592,9123.285108506896,-732.0,19023.388432034586,0.8455,2.5833333333333335,0.44133333333333336,2.0493333333333332,1.1465,5.463166666666667,10296.445079149255,0.0,181.65916666666666,99.15183333333333,48.382482108002606,0.5594502277163305,0.44054977228366954,0.4476252439817827,5024.290051634313,2.665826284970722
E8 Pro,2.5,0.641,57.555226209048364,46.47938718662952,83.58658346333854,611.8673946957879,10562.108838857572,10147.435393066145,-1171.0,22948.294477779607,0.7961666666666667,3.484166666666667,1.0808333333333333,2.2121666666666666,1.4091666666666667,5.585,11916.214672190905,0.0,186.565,90.23016666666666,40.78814133956151,0.6370074587508476,0.36299254124915237,0.4137723197468545,5386.671290073489,2.5246741505311534
E8 Pro,3.0,0.4168,40.09764875239923,33.18621399176955,86.53286948176583,980.2629558541265,7479.594654812815,6244.764671622432,-2854.0,21940.959811010733,0.611,5.5445,2.8691666666666666,2.300333333333333,1.6825,4.166666666666667,9718.330821479482,0.0,202.53816666666665,69.70083333333334,30.300318794377628,0.7314157368497319,0.26858426315026807,0.2998840747717722,4224.748944274517,1.8113316910592667
E8 Pro,4.0,0.2001,23.100449775112445,15.048506063257907,83.2568715642179,2120.9030484757623,1163.380249950553,-4317.0,-7171.0,16105.912107992845,0.37483333333333335,13.191,9.954,2.65,2.2483333333333335,2.5086666666666666,6717.9282499505525,0.0,220.914,41.576166666666666,15.689119496855346,0.8484276729559749,0.15157232704402512,0.1650943396226415,2535.067264132284,0.9466666666666667
FN Futures Flex,1.0,0.7448,68.01020408163265,44.97100313479624,83.41917293233082,179.66970998925888,8153.1378795513165,7682.952430789841,1676.3635054530173,15159.639406287464,0.9673333333333334,2.1353333333333335,0.482,1.5986666666666667,0.6576666666666666,14.113833333333334,8437.939859551318,0.0,133.54033333333334,131.93116666666666,82.52575062552127,0.4113844870725605,0.5886155129274395,0.7802335279399499,5278.110837917837,8.828502919099249
FN Futures Flex,1.5,0.6245,48.45220176140913,27.24687083888149,64.83522818254603,217.1697357886309,11612.603144484941,10680.216821405367,2507.1020816052805,21984.975541675485,0.9713333333333334,3.6895,1.25,2.3241666666666667,1.447,13.327666666666667,12110.951249484944,0.0,151.42616666666666,114.83333333333333,49.40839010397992,0.622588741484403,0.377411258515597,0.7482968806023664,5210.878988663296,5.734385084259591
FN Futures Flex,2.0,0.5489,40.789032610675896,19.913544668587896,57.15449079978138,249.14647476771725,14177.129655150964,12919.250477364294,3024.534979795231,26898.517008125014,0.9723333333333334,5.379,2.2755,2.9378333333333333,2.112833333333333,12.012666666666666,14910.478365150966,0.0,169.65783333333334,97.52716666666667,33.19697055653259,0.7191808021784762,0.28081919782152376,0.719010608725251,5075.33160440834,4.088954444885687
FN Futures Flex,2.5,0.4928,37.62662337662338,15.764392744479496,53.851663961038966,279.2167207792208,15552.100348212354,13908.618098964605,3073.8319390382494,30124.68969588237,0.9663333333333334,7.0845,3.4461666666666666,3.441,2.6491666666666664,10.324666666666667,16524.70700321236,0.0,186.68533333333335,81.209,23.600406858471374,0.7698827860118183,0.23011721398818175,0.6821176014724402,4802.297879457238,3.000484355323065
FN Futures Flex,3.0,0.447,35.3744966442953,13.075949367088608,51.55123042505592,309.3624161073825,16549.151022639606,14659.145246712906,2570.304506325448,32860.26419327787,0.9606666666666667,8.664166666666667,4.620666666666667,3.8153333333333332,3.058666666666667,9.081833333333334,17744.71604763961,0.0,198.368,70.09116666666667,18.37091560370435,0.8016774419011008,0.1983225580988992,0.6446356805871046,4650.895347101068,2.380351214398043
FN Futures Flex,4.0,0.3865,33.14799482535576,10.02722086389568,49.06442432082794,360.1358344113842,17686.473586569537,15472.277139385369,1778.627713993503,36028.58531016256,0.9406666666666667,11.554666666666666,6.905833333333334,4.399,3.667333333333333,7.0975,19292.05220656954,0.0,214.11383333333333,54.596,12.41100250056831,0.8336743199211942,0.16632568007880577,0.5728195802076229,4385.554036501372,1.6134348715617186
